"Codigo Empleado";DNI;"CIF empresa";"Códdigo Empresa";Mes;Ruta;Causa
00001;MILAGROS;GARROCHO;0000;098;75522507Y;"El documento no existe"
00002;"JUAN MIGUEL";GARCIA;0000;097;44214023L;"El documento no existe"
00003;"MARIA ISABEL";GARCIA;0000;097;49057787Y;"El documento no existe"
00004;TIEMOKO;SANGARE;0000;019;X8905940H;"El documento no existe"
00005;MALGORZATA;MASLISZ;0000;015;X7493204B;"El documento no existe"
00006;ILASSA;DOUMBIA;0000;018;Y3121291K;"El documento no existe"
00007;SIBRI;SAMAKE;0000;002;Y6017050B;"El documento no existe"
00008;LASSINA;DAGNON;0000;018;X7767039P;"El documento no existe"
00009;BROULAYE;COULIBALY;0000;018;Y2059934E;"El documento no existe"
00010;ABDOULAYE;DOUMBIA;0000;010;X9447141Y;"El documento no existe"
00011;HASSAN;TALJAOUI;0000;008;X6684718K;"El documento no existe"
00012;"ANA MARIA";RODRIGUEZ;0000;015;25580960S;"El documento no existe"
00013;TANTICA;ALEXE;0000;011;Y0592513R;"El documento no existe"
00014;"DIANA ALEKSAN";NIKOLOVA;0000;001;38495848;"El documento no existe"
00015;"ADRIAN DANIEL";MANDA;0000;001;00DZ74153;"El documento no existe"
00016;MANUELA;GARCIA;0000;001;44214024C;"El documento no existe"
00017;"DIANA IVANOVA";ZHELYAZKOVA;0000;011;Y2839801M;"El documento no existe"
00018;"NICOLAE DANIEL";MANDA;0000;001;Y0603880Y;"El documento no existe"
00019;AMAL;KESSAD;0000;008;Y5231112Y;"El documento no existe"
00020;MARIANA;MANDA;0000;001;Y0640957F;"El documento no existe"
00021;"DIMITAR BOBOGDANO";SMILKOV;0000;001;Y0906520N;"El documento no existe"
00022;STEFKA;ZHELYAZKOVA;0000;012;Y2293651J;"El documento no existe"
00023;BONKA;ZHELYAZKOVA;0000;012;Y2293743J;"El documento no existe"
00024;MIHAITA;ISTODE;0000;007;X6063454X;"El documento no existe"
00025;SAFTICA;ISTODE;0000;007;X8260659W;"El documento no existe"
00026;"FATME MEHMED";SADAK;0000;011;X9544011T;"El documento no existe"
00027;"MARIYANA GEORGIEVA";MIKOVA;0000;006;X6300327Y;"El documento no existe"
00028;NICOLETA;DIACONU;0000;006;X8774584S;"El documento no existe"
00029;VIORICA;VOINEA;0000;001;X7346899D;"El documento no existe"
00030;"LIVIU GABRIEL";ARAPU;0000;001;08777693;"El documento no existe"
00031;"MARIUS SERBAN";OCTAVIAN;0000;001;Y5260129C;"El documento no existe"
00032;"ALEXANDRA OANA";BOTEZATU;0000;001;Y1867908T;"El documento no existe"
00033;"ROBERT CATALIN";OANCEA;0000;006;08770094;"El documento no existe"
00034;ANISOARA;DUCULESCU;0000;006;X7467918W;"El documento no existe"
00035;CORNELIA;RADUT;0000;006;X8597094Q;"El documento no existe"
00036;"IULIAN CATAIN";VIZITIU;0000;006;Y4622126Z;"El documento no existe"
00037;"ILEANA ADRIANA";DUMINICA;0000;006;Y5235942Y;"El documento no existe"
00038;SEKOU;TRAORE;0000;002;X7031710N;"El documento no existe"
00039;YORDANKA;STOYANOVA;0000;013;Y2479832D;"El documento no existe"
00040;"RAYNA SAMULOVA";METODIEVA;0000;013;Y4635405E;"El documento no existe"
00041;"RADOSLAVA GEORGIEVA";DZHADZHEVA;0000;013;64402076;"El documento no existe"
00042;"YANA STOYCHEVA";SMILKOVA;0000;016;Y2775604R;"El documento no existe"
00043;"IVAN GEORGIEV";BOZHINOV;0000;016;Y0462472W;"El documento no existe"
00044;"NADEZHDA GEORGI";BOYANOVA;0000;001;X7493606E;"El documento no existe"
00045;"EMILIYA MANOLOV";VASILEVA;0000;013;Y1867933W;"El documento no existe"
00046;GNOMBY;DIARRA;0000;001;X4045978W;"El documento no existe"
00047;"ANIFE ALIEVA";AHMED;0000;001;06415779;"El documento no existe"
00048;"FATIMA ALI";ENGYAR;0000;001;64306667;"El documento no existe"
00049;"AYSHE MEHMED";MEHMED;0000;009;Y3577917M;"El documento no existe"
00050;"SALIHA MEHMED";MEHMED;0000;009;Y3577865E;"El documento no existe"
00051;"AVISHA MEHMED";ALI;0000;001;Y4199331M;"El documento no existe"
00052;"MITKO MANOLOV";STOYANOV;0000;012;Y4040294J;"El documento no existe"
00053;"HRISTO ANGELOV";VASILEV;0000;001;64677330;"El documento no existe"
00054;SIDI;SANGARE;0000;004;Y2581738W;"El documento no existe"
00055;"MARTIN ATASANOV";STOILOV;0000;001;Y4784447R;"El documento no existe"
00056;ABDRAMANE;BERTHE;0000;004;Y2153924B;"El documento no existe"
00057;BOURAMA;SANOGO;0000;001;X9460551F;"El documento no existe"
00058;SIDY;DIARRA;0000;001;Y0126420A;"El documento no existe"
00059;"MARIYA MANOLOVA";NIKOLOVA;0000;001;38499231;"El documento no existe"
00060;"FCO JAVIER";PEREZ;0000;001;49279208Y;"El documento no existe"
00061;"STOYAN MANOLOV";NIKOLOV;0000;001;38375427;"El documento no existe"
00062;BIRAMA;DOUMBIA;0000;004;X9356754D;"El documento no existe"
00063;"ZHELKA MIRCHEVA";ALEKSANDROV;0000;012;Y2811597E;"El documento no existe"
00064;IGNACIA;GARROCHO;0000;015;75531481X;"El documento no existe"
00065;DJIBRIL;KONE;0000;001;X9259249R;"El documento no existe"
00066;"IVAN DEMIREV";STOYANOV;0000;006;Y0058426C;"El documento no existe"
00067;"NIKOLINA BONCHEVA";ASENOVA;0000;006;X9544375L;"El documento no existe"
00068;SHINKA;STOYANOVA;0000;012;X8372140W;"El documento no existe"
00069;SIAKA;MARIKO;0000;001;X6751980P;"El documento no existe"
00070;DRAMANE;DIALLO;0000;010;X6388530G;"El documento no existe"
00071;MAMADI;DIOUWARA;0000;002;X8475041R;"El documento no existe"
00072;GAOUSSOU;CISSE;0000;002;X9391319M;"El documento no existe"
00073;DJIBRIL;TRAORE;0000;004;X9362583L;"El documento no existe"
00074;IBRAHIMA;CAMARA;0000;002;X9492412J;"El documento no existe"
00075;"ISKRA LYUBENOVA";GEORGIEVA;0000;013;X8974068C;"El documento no existe"
00076;"IRINA BOYKOVA";HADZHIEVA;0000;013;X8371606C;"El documento no existe"
00077;YOUSSOUF;DOUMBIA;0000;001;X7912073G;"El documento no existe"
00078;"SNEZHANA KIRI";GEORGIEVA;0000;011;X7873011L;"El documento no existe"
00079;"IVAN STOYANOV";DOMUVCHIEV;0000;001;Y4622173S;"El documento no existe"
00080;"MALINA VANGELOV";DOMUVCHIEVA;0000;001;X9535774C;"El documento no existe"
00081;"GERGANA TOMOVA";OVCHAROVA;0000;009;X8371111P;"El documento no existe"
00082;"VALENTINA BORIS";IVANOVA;0000;012;X5994934F;"El documento no existe"
00083;"DANKA ANDREEVA";KARAKOVA;0000;001;Y2480068S;"El documento no existe"
00084;"ITTO BEN";HAMMOU;0000;025;X9668029W;"El documento no existe"
00085;FATIMA;EL;0000;025;X9667884H;"El documento no existe"
00086;SEYDOU;DAOU;0000;002;X5438787T;"El documento no existe"
00087;"PETYA NIKOLOVA";ZAHARIEVA;0000;001;Y0503934H;"El documento no existe"
00088;BOURAHIMA;TRAORE;0000;004;X7237772V;"El documento no existe"
00089;"DIANA IVANOVA";ZHELYAZKOVA;0000;001;Y2839801M;"El documento no existe"
00090;"RADOSTINA STEFA";VANEVA;0000;001;Y0812949M;"El documento no existe"
00092;SOUKAINA;SAQI;0000;025;Y6103486J;"El documento no existe"
00093;ZINEB;MAOUJOUD;0000;025;Y6103484B;"El documento no existe"
00094;HALIMA;BENSALIH;0000;025;Y6103480F;"El documento no existe"
00095;HALIMA;EL;0000;025;Y6103482D;"El documento no existe"
00096;NADIA;BEN;0000;025;Y6154263Y;"El documento no existe"
00097;"ECH CHAIBIA";BENAMANE;0000;025;Y6103479Y;"El documento no existe"
00098;AICHA;KARMOUD;0000;025;Y6103483X;"El documento no existe"
00099;KARIMA;OUAKIL;0000;025;Y6103485N;"El documento no existe"
00100;FATIMA;ZRAYDI;0000;025;Y6103487Z;"El documento no existe"
00101;"VENETA BOGDA";BOZHINOVA;0000;016;X5926867C;"El documento no existe"
00102;GRACY;BLANCO;0000;097;29800418P;"El documento no existe"
00103;FATIMA;EL;0000;001;Y0393345J;"El documento no existe"
00104;"ALEXANDRA OANA";PIRNAC;0000;006;Y1867908T;"El documento no existe"
00105;MANUELA;PORTILLO;0000;008;78688844W;"El documento no existe"
00106;TOUMANI;SIDIBE;0000;005;X6022909Z;"El documento no existe"
00107;ZAHRA;SBAI;0000;015;X9452619X;"El documento no existe"
00108;ABOU;DIARRA;0000;002;X7213977G;"El documento no existe"
00109;ALIOU;DIALLO;0000;003;Y0307144Q;"El documento no existe"
00110;OUA;KOULIBALY;0000;002;X7332000Z;"El documento no existe"
00111;RAFAEL;BLANCO;0000;015;29780634G;"El documento no existe"
00112;FODE;DIAKITE;0000;010;Y2911038B;"El documento no existe"
00113;MACIRE;SIDIBE;0000;010;X6796930Q;"El documento no existe"
00114;"AYSHA SALIHOVA";BOZEVA;0000;009;06438868;"El documento no existe"
00115;"LYUNKA SREBRINOVA";BOZEVA;0000;009;06465380;"El documento no existe"
00116;OMAR;KEITA;0000;010;X9365517D;"El documento no existe"
00117;"SEVDIYA TAHIR";TAHIR;0000;013;64628833;"El documento no existe"
00118;BIRAHIMA;TOURE;0000;010;Y2273106F;"El documento no existe"
00119;BROULAYE;TRAORE;0000;004;X8833715J;"El documento no existe"
00120;"HRISTO ANGELOV";VASILEV;0000;013;Y6184520H;"El documento no existe"
00121;YAYA;TRAORE;0000;001;Y5641245A;"El documento no existe"
00122;LASSINA;TRAORE;0000;001;X9543189Y;"El documento no existe"
00123;GHEORGHE;BECHEANU;0000;012;Y0839754S;"El documento no existe"
00124;"ROBERT CATALIN";OANCEA;0000;006;Y7030911D;"El documento no existe"
00125;"AYSHA SALIHOVA";BOZEVA;0000;009;Y7085698X;"El documento no existe"
00126;"LYUNKA SREBRI";BOZEVA;0000;009;Y7085718F;"El documento no existe"
00127;MOHAMED;BAGAYOKO;0000;010;Y6546495L;"El documento no existe"
00128;"RADOSLAVA GEORGIEVA";GEORGIEVA;0000;013;Y7123816V;"El documento no existe"
00129;HASSANA;HERRASS;0000;025;Y7067261L;"El documento no existe"
00130;SOUMIA;ELBAHLOULI;0000;025;Y7067262C;"El documento no existe"
00131;BOUCHRA;EZZOUYQY;0000;025;Y7067263K;"El documento no existe"
00132;AICHA;ET;0000;025;Y7067264E;"El documento no existe"
00133;OUMAR;BAGAYOKO;0000;004;Y2086281B;"El documento no existe"
00134;"JUAN MIGUEL";GARCIA;0000;097;44214023L;"El documento no existe"
00135;"MARIA ISABEL";GARCIA;0000;097;49057787Y;"El documento no existe"
00136;"YANA STOYCHEVA";SMILKOVA;0000;016;Y2775604R;"El documento no existe"
00137;DRAMANE;SIDIBE;0000;004;Y6604565Z;"El documento no existe"
00138;"PAVLINA ZLATANOVA";NAZAROVA;0000;013;X9746550R;"El documento no existe"
00139;IDRISSA;KONE;0000;002;Y6732782Y;"El documento no existe"
00140;"HRISTINA GEORGIEVA";SLAVCHEVA;0000;013;Y7935093S;"El documento no existe"
00141;"VERONIKA VELIKOVA";NIKOLOVA;0000;013;Y4595843C;"El documento no existe"
00142;"IVAN ILIEV";MITEV;0000;012;Y7935060M;"El documento no existe"
00143;DANSENI;TRAORE;0000;001;Y6613977L;"El documento no existe"
00144;YAYA;TOURE;0000;005;Y0372739S;"El documento no existe"
00145;"ANCHE ATANASOVA";BONEVA;0000;013;Y7946292J;"El documento no existe"
00146;"KATYA ATANASOVA";ALEKSANDROVA;0000;013;Y7946312X;"El documento no existe"
00147;AGNIESZKA;PODOLSKA;0000;015;X4708276S;"El documento no existe"
00148;"DEYANA DOBREVA";DIMOVA;0000;011;Y1128061V;"El documento no existe"
00149;ABDOULAYE;DOUMBIA;0000;010;Y6604611Z;"El documento no existe"
00150;DIAKARIDIA;BAGAYOGO;0000;010;X7747116A;"El documento no existe"
00151;IBRAHMA;DIALLO;0000;010;Y0096004Q;"El documento no existe"
00152;SOLAYMAN;TRAOULI;0000;005;Y6732697J;"El documento no existe"
00153;"SASHKA ASENOVA";TSVETKOVA;0000;006;"TSV 00153";"El documento no existe"
00154;MINAMBA;DOUMBIA;0000;004;X6784426R;"El documento no existe"
00155;"ILIANA IVANOVA";MITSEVA;0000;013;64380340;"El documento no existe"
00156;"SABIE MUSOVA";GAZINOVA;0000;009;"GAZ 00156";"El documento no existe"
00157;"ZHULIETA VASILEVA";PALATOVA;0000;013;Y1731206X;"El documento no existe"
00158;"SASHKA ASENOVA";TSVETKOVA;0000;006;Y8010189Q;"El documento no existe"
00159;BOUBAKAR;JARA;0000;005;Y6732816V;"El documento no existe"
00160;BOUBACAR;CAMARA;0000;001;Y6912778G;"El documento no existe"
00161;NGOLO;COULIBALY;0000;001;X6804143F;"El documento no existe"
00162;"SABIE MUSOVA";GAZINOVA;0000;009;Y8081961M;"El documento no existe"
00163;"LAURENTIU MARIAN";MIHAI;0000;006;Y6257560X;"El documento no existe"
00164;DIAKARIDIA;TOGOLA;0000;010;Y4943375E;"El documento no existe"
00165;"M  ROSA";GARCIA;0000;097;44214024C;"El documento no existe"
00166;"MIGLENA ILIEVA";KIRILOVA;0000;012;Y5659180K;"El documento no existe"
00167;"AYSHA MUSA";GAGOVA;0000;013;Y0971751S;"El documento no existe"
00168;NGOLO;BAGAYOKO;0000;002;Y6032773W;"El documento no existe"
00169;HERJI;CHIRANESCU;0000;015;X5624054W;"El documento no existe"
00170;NORA;BENGUEDDA;0000;005;X9451832M;"El documento no existe"
00171;"SLAVI ATANASOV";SLAVOV;0000;012;"SLA 00171";"El documento no existe"
00172;"CARMEN OANA";ZOTA;0000;015;X6261933E;"El documento no existe"
00173;GEORGIANA;ANDREI;0000;015;Y0971825C;"El documento no existe"
00174;HAFIDA;HAGOUCH;0000;015;X6281771B;"El documento no existe"
00175;"SALAH EDDINE";EL;0000;015;X6817172H;"El documento no existe"
00176;JAINABA;SARR;0000;015;48939691S;"El documento no existe"
00177;NICOLETA;LUPU;0000;015;X8045796M;"El documento no existe"
00178;"NDEYE NGONE";LO;0000;015;Y2202981D;"El documento no existe"
00179;SALIF;TOUNKARA;0000;018;X9508653Q;"El documento no existe"
00180;"FRANCISCO JAVIER";BLANCO;0000;015;49086629Y;"El documento no existe"
00181;ALAMI;OUADIA;0000;015;Y4373354X;"El documento no existe"
00182;CRISTIAN;BORRERO;0000;015;Y6360678L;"El documento no existe"
00183;FRANKLIN;DUARTE;0000;015;Y7004235J;"El documento no existe"
00184;SOULEYMANE;SIDIBE;0000;004;X5050978V;"El documento no existe"
00185;"KIRIL BORISOV";NAZAROV;0000;013;Y4593392F;"El documento no existe"
00186;"ILIANA IVANOVA";MITSEVA;0000;013;Y8042365S;"El documento no existe"
00187;NDEYE;FAYE;0000;009;Y5313932A;"El documento no existe"
00188;SAGAR;TINE;0000;012;Y2094318K;"El documento no existe"
00189;SOUMAILA;BAGAYOGO;0000;002;X9456531N;"El documento no existe"
00190;AMINE;BENABBOU;0000;015;X3385898E;"El documento no existe"
00191;SUMAJLA;TRAURE;0000;001;Y6855931J;"El documento no existe"
00192;IBTISSAME;EL;0000;025;Y7905616R;"El documento no existe"
00193;FATIH;GHITA;0000;025;Y7905618A;"El documento no existe"
00194;SANA;BOUHNIK;0000;025;Y7907058V;"El documento no existe"
00195;SOUMIA;EL;0000;025;Y7905181A;"El documento no existe"
00196;SABAH;KACHACH;0000;025;Y7905183M;"El documento no existe"
00197;SANA;SABRAOUI;0000;025;Y7907057Q;"El documento no existe"
00198;KAOUTAR;LEMRABET;0000;025;Y7905621Y;"El documento no existe"
00199;KASSIM;DIAKITE;0000;019;Y7385796G;"El documento no existe"
00200;MANUEL;MORA;0000;015;29773406K;"El documento no existe"
00201;TIDIANI;COULIBALY;0000;010;Y6037891Z;"El documento no existe"
00202;CARLOS;HERNANDEZ;0000;015;49160014K;"El documento no existe"
00203;HECTOR;BAUTISTA;0000;015;49088854T;"El documento no existe"
00204;"RADOSTINA STEFANOVA";STOYANOVA;0000;012;Y0812949M;"El documento no existe"
00205;"FATIME SALIH";MEHMED;0000;009;Y8572783F;"El documento no existe"
00206;AMIDOU;SANGARE;0000;004;Y7496262R;"El documento no existe"
00207;AZEDDINE;RBIH;0000;015;Y3288633S;"El documento no existe"
00208;OUALID;ERROUGUI;0000;015;Y7700320A;"El documento no existe"
00209;MANUEL;MORALES;0000;015;49279414M;"El documento no existe"
00210;LUCIA;SABORIDO;0000;015;25588499X;"El documento no existe"
00211;"COSTINEL FLORIN";DUCULESCU;0000;006;0DZ222158;"El documento no existe"
00212;HAIDARA;KANDIOURA;0000;010;X9729359Z;"El documento no existe"
00213;ANTONIO;LARA;0000;015;49734741R;"El documento no existe"
00214;SAIOA;BERNALDEZ;0000;015;08858628V;"El documento no existe"
00215;NATALIA;LUNA;0000;015;49064773T;"El documento no existe"
00216;SEKOU;SISSOKO;0000;005;Y1047406T;"El documento no existe"
00217;"IONUT DANIEL";RADUT;0000;006;0DZ466954;"El documento no existe"
00218;"COSTINEL FLORIN";DUCULESCU;0000;006;Y8607092T;"El documento no existe"
00219;YAYA;SANGARE;0000;019;Y8125134F;"El documento no existe"
00220;"ZAPRYANKA VA";LAZAROVA;0000;015;X6344777C;"El documento no existe"
00221;LAIMA;BERNAL;0000;015;49387168G;"El documento no existe"
00222;AMIDOU;DIAKITE;0000;004;Y8683937W;"El documento no existe"
00223;OUMAR;KEITA;0000;004;X5121497H;"El documento no existe"
00224;"DIANA ALEKS";NIKOLOVA;0000;012;Y6831647V;"El documento no existe"
00225;AMADOU;COULIBALY;0000;005;Y4828822D;"El documento no existe"
00226;BREMA;DIALLO;0000;004;Y2954484X;"El documento no existe"
00227;YAYA;KONE;0000;017;Y7714136L;"El documento no existe"
00228;"ILIYAN DIMITROV";IVANOV;0000;012;Y6365669L;"El documento no existe"
00229;AMIDOU;SOGODOGO;0000;010;Y8343935D;"El documento no existe"
00230;NANOURY;KAMARA;0000;017;Y6341524R;"El documento no existe"
00231;BOUKARY;CAMARA;0000;001;X9290661H;"El documento no existe"
00232;BALAN;TRAORE;0000;017;Y8428791H;"El documento no existe"
00233;TIEMOKO;KONATE;0000;010;Y8489516T;"El documento no existe"
00234;AROUNA;DOUMBIA;0000;017;Y6484503N;"El documento no existe"
00235;SEYDOU;BERTE;0000;017;Y8423965E;"El documento no existe"
00236;"VELICHKA MITKOVA";PANAYOTOVA;0000;013;X8371220W;"El documento no existe"
00237;"VLADIMIR ANGELOV";KARAIVANOV;0000;013;Y9330128P;"El documento no existe"
00238;"NDEYE ASTOU";LO;0000;001;30380675K;"El documento no existe"
00239;"MAME DIARRA";SENE;0000;006;Y6995622W;"El documento no existe"
00240;BAYE;CISSOKO;0000;017;Y8344369Y;"El documento no existe"
00241;MOHAMED;SALIOU;0000;017;X1941228M;"El documento no existe"
00242;MUSTAFA;TRAORE;0000;017;Y7594335W;"El documento no existe"
00243;SALIMOU;SIDIBE;0000;017;X7744168E;"El documento no existe"
00244;SIAKA;BALLO;0000;017;Y8655789Y;"El documento no existe"
00245;HAROUDNA;KONE;0000;017;Y7830689P;"El documento no existe"
00246;MADOU;DIALLO;0000;017;Y4429313X;"El documento no existe"
00247;KHADIJA;AMAOUAJI;0000;025;Y7906614X;"El documento no existe"
00248;LAMINE;KONTE;0000;017;Y8432779G;"El documento no existe"
00249;DIAKARIDIA;SIDIBE;0000;002;Y6033819J;"El documento no existe"
00250;ADAMA;BAMBA;0000;004;Y9183410F;"El documento no existe"
90001;"DE HUELVA";REGISTRO;0000;099;E21026240;"El documento no existe"
90002;"JUAN ANTONIO";ALVAREZ;0000;099;29487757D;"El documento no existe"
90003;ARANZAZU;CALERO;0000;099;06248084L;"El documento no existe"
90004;CATARINA;NOBRE;0000;099;X5276050B;"El documento no existe"
90005;"JOSE MARIA";QUESADA;0000;001;25683727H;"El documento no existe"
90006;MERCEDES;ALFARO;0000;001;13116016J;"El documento no existe"
90007;MERCEDES;GALVEZ;0000;001;48889974R;"El documento no existe"
90008;"ANGELINA ANGELOVA";MILEKOVA;0000;099;X8371608E;"El documento no existe"
90009;CARLOS;CARVAJAL;0000;099;29046495W;"El documento no existe"
90010;"ANTONIO J";NAVARRO;0000;015;53686145M;"El documento no existe"
